Date;Open;High;Low;Close;Volume
02/01/2014;89,73;89,95;88,04;89,70;49 478
03/01/2014;87,70;89,95;87,70;88,83;135 569
06/01/2014;87,20;88,99;87,05;87,11;173 454
07/01/2014;87,50;88,50;87,10;88,00;274 203
08/01/2014;89,00;89,00;87,20;87,60;62 614
09/01/2014;88,80;88,80;86,63;86,81;107 279
10/01/2014;86,00;86,52;85,00;86,00;194 496
13/01/2014;85,93;86,52;85,50;86,46;45 958
14/01/2014;85,50;87,51;85,50;86,57;86 704
15/01/2014;86,57;87,89;86,57;87,54;25 709
16/01/2014;87,54;87,54;86,80;86,80;153 514
17/01/2014;86,80;87,52;86,21;86,65;20 634
20/01/2014;86,66;87,00;86,00;86,00;54 103
21/01/2014;86,03;86,50;85,99;86,40;262 686
22/01/2014;86,02;87,44;86,02;86,50;14 948
23/01/2014;86,36;86,84;85,99;86,30;594 501
24/01/2014;86,02;86,77;86,00;86,00;41 540
27/01/2014;85,85;86,80;80,05;84,19;204 980
28/01/2014;83,53;84,91;82,35;84,31;37 766
29/01/2014;83,65;85,01;83,65;83,89;95 041
30/01/2014;83,70;83,70;82,01;82,50;68 927
31/01/2014;82,28;83,88;82,28;82,85;85 935
03/02/2014;82,99;85,14;82,42;83,51;80 755
04/02/2014;83,51;83,51;82,75;83,16;849 203
05/02/2014;83,64;86,01;83,17;84,71;146 493
06/02/2014;84,23;84,75;82,95;83,10;69 186
07/02/2014;82,61;84,12;82,61;83,96;17 625
10/02/2014;83,01;83,90;82,62;83,00;39 087
11/02/2014;84,00;85,00;82,00;82,18;103 276
12/02/2014;82,99;83,00;81,90;82,00;25 550
13/02/2014;82,00;82,01;81,67;81,70;125 311
14/02/2014;81,70;83,00;81,50;81,70;524 803
17/02/2014;82,49;84,00;81,76;82,74;46 549
18/02/2014;84,00;84,00;82,13;82,72;23 466
19/02/2014;82,56;84,00;82,56;83,42;562 542
20/02/2014;82,25;84,49;82,25;83,66;13 411
21/02/2014;84,00;84,00;82,55;82,85;73 010
24/02/2014;82,31;83,59;82,21;82,67;46 273
25/02/2014;83,55;86,00;82,79;85,19;186 154
26/02/2014;86,50;86,50;85,16;85,29;76 571
27/02/2014;85,35;85,39;85,05;85,11;66 669
28/02/2014;85,15;85,39;84,59;84,59;153 610
03/03/2014;84,50;85,00;82,57;84,55;150 246
04/03/2014;84,14;85,50;84,14;84,18;87 852
05/03/2014;84,88;84,88;83,25;83,64;409 696
06/03/2014;83,64;85,19;82,80;84,50;144 550
07/03/2014;84,00;85,00;83,72;83,86;162 103
10/03/2014;85,49;85,49;83,50;83,80;135 336
11/03/2014;83,80;86,30;83,80;85,60;458 628
12/03/2014;85,80;87,00;85,40;85,79;255 537
13/03/2014;85,70;87,00;85,69;85,70;58 255
14/03/2014;86,70;86,70;85,20;85,44;51 331
17/03/2014;85,46;86,71;85,00;86,25;45 701
18/03/2014;86,55;88,31;85,60;87,25;94 287
19/03/2014;87,50;87,50;86,30;86,50;42 995
20/03/2014;86,50;87,00;85,60;86,00;162 812
24/03/2014;86,50;88,51;86,50;87,50;75 748
25/03/2014;87,99;89,20;87,59;89,00;148 051
26/03/2014;89,31;91,40;88,86;91,40;212 582
27/03/2014;91,00;91,25;89,10;91,25;38 445
28/03/2014;91,25;94,50;90,50;93,30;98 437
31/03/2014;93,30;95,29;91,87;95,29;124 802
01/04/2014;93,50;95,66;92,95;93,00;106 129
02/04/2014;93,00;93,75;90,82;91,59;537 807
03/04/2014;93,00;93,75;91,51;92,00;79 857
04/04/2014;92,00;93,75;92,00;93,75;143 519
05/04/2014;92,00;0,00;0,00;93,75;0
07/04/2014;93,49;93,49;92,28;92,85;57 909
08/04/2014;92,50;93,71;92,50;93,08;132 587
09/04/2014;93,00;93,75;93,00;93,44;51 823
10/04/2014;93,08;93,50;91,78;91,78;165 481
11/04/2014;92,05;92,22;91,01;91,01;92 361
14/04/2014;91,10;91,10;90,60;90,60;139 172
15/04/2014;91,00;91,18;90,70;91,00;70 833
16/04/2014;91,70;92,00;91,50;91,75;65 804
17/04/2014;91,75;92,18;91,20;92,18;169 337
22/04/2014;93,25;93,25;92,00;92,00;94 789
23/04/2014;92,03;92,14;91,65;91,93;11 982
24/04/2014;92,00;93,60;91,95;93,39;265 853
25/04/2014;93,30;96,46;93,02;95,50;267 442
29/04/2014;96,79;97,00;95,45;96,20;83 869
30/04/2014;96,96;97,00;96,00;96,50;110 022
02/05/2014;96,70;97,10;96,08;96,50;84 963
05/05/2014;96,51;96,70;96,01;96,70;74 781
06/05/2014;96,70;99,24;96,61;97,80;369 535
08/05/2014;98,40;104,96;98,20;101,50;295 456
09/05/2014;101,17;106,85;99,79;100,66;276 045
12/05/2014;100,70;101,70;99,96;100,10;63 639
13/05/2014;100,11;101,00;100,11;100,30;8 616
14/05/2014;100,67;102,50;100,67;102,00;234 567
15/05/2014;101,90;102,19;101,03;101,50;35 974
16/05/2014;101,50;101,99;101,00;101,90;49 851
19/05/2014;101,60;102,75;101,60;101,91;148 777
20/05/2014;101,85;102,19;101,15;101,60;143 176
21/05/2014;101,60;101,60;100,17;100,87;91 512
22/05/2014;101,00;102,02;101,00;101,00;90 263
23/05/2014;101,60;102,50;101,25;102,02;20 729
26/05/2014;98,83;99,02;97,82;98,55;72 563
27/05/2014;98,60;98,94;95,20;95,80;43 098
28/05/2014;95,44;98,00;95,44;97,00;174 949
29/05/2014;98,29;99,45;96,53;97,20;168 459
30/05/2014;96,51;98,00;96,51;97,00;260 472
02/06/2014;98,80;99,05;97,74;98,57;76 817
03/06/2014;98,65;99,05;98,06;98,98;85 091
04/06/2014;98,51;99,40;97,50;99,36;42 480
05/06/2014;99,35;99,35;97,99;99,50;118 695
06/06/2014;98,99;98,99;97,11;97,50;55 948
09/06/2014;98,00;98,74;96,99;96,99;62 644
10/06/2014;97,40;97,92;97,00;97,84;110 858
11/06/2014;97,84;98,11;97,52;98,00;104 469
12/06/2014;98,20;98,87;97,80;98,68;177 350
13/06/2014;98,16;102,25;98,16;99,75;171 500
17/06/2014;100,00;101,89;99,99;101,38;108 740
18/06/2014;96,50;101,95;96,00;100,35;21 647
19/06/2014;98,00;100,65;98,00;100,00;45 138
20/06/2014;99,79;99,79;96,25;96,56;82 124
23/06/2014;97,00;97,61;96,26;97,11;44 095
24/06/2014;96,94;97,30;96,50;97,00;31 182
25/06/2014;96,00;96,90;95,00;95,79;31 472
26/06/2014;95,00;96,34;95,00;96,00;64 930
27/06/2014;95,99;96,00;95,37;95,75;15 797
30/06/2014;95,97;96,11;95,44;95,90;54 186
01/07/2014;95,89;99,59;95,50;97,75;62 283
02/07/2014;100,00;101,62;99,03;101,02;195 976
03/07/2014;100,92;101,02;100,00;100,75;89 127
04/07/2014;101,00;101,90;100,74;101,00;97 522
07/07/2014;100,98;101,30;100,40;100,50;183 123
08/07/2014;100,51;100,82;97,76;98,00;125 488
09/07/2014;98,98;98,98;95,40;95,45;410 415
10/07/2014;95,65;96,88;95,37;96,36;143 117
11/07/2014;97,86;98,00;96,30;97,99;154 881
14/07/2014;98,81;98,81;97,01;97,98;248 548
15/07/2014;98,25;98,25;97,10;97,50;288 678
16/07/2014;97,74;97,89;96,93;97,99;63 321
17/07/2014;97,71;97,71;96,31;97,04;31 331
18/07/2014;97,63;99,08;97,11;97,96;32 940
21/07/2014;97,95;99,75;97,70;98,92;31 678
22/07/2014;99,33;99,80;97,91;99,17;46 787
23/07/2014;99,40;99,78;97,92;99,00;42 237
24/07/2014;99,00;99,00;97,28;98,66;38 875
25/07/2014;98,57;98,94;97,97;98,50;42 560
28/07/2014;98,35;99,00;98,35;98,56;228 221
29/07/2014;98,56;99,51;98,56;99,30;188 094
30/07/2014;99,19;99,30;98,61;99,20;29 243
31/07/2014;99,12;99,40;98,60;99,30;365 914
01/08/2014;99,15;101,51;98,52;99,90;238 638
04/08/2014;99,98;100,89;98,11;100,00;400 278
05/08/2014;100,00;100,00;99,94;99,95;2 571
06/08/2014;99,12;99,50;98,95;99,25;68 517
07/08/2014;99,25;99,49;98,00;99,51;20 159
08/08/2014;99,51;99,51;97,56;98,20;10 142
11/08/2014;97,89;98,40;97,55;98,20;15 896
12/08/2014;98,20;98,56;97,06;97,59;28 529
13/08/2014;98,00;98,50;94,86;97,12;94 262
14/08/2014;99,00;99,00;95,60;96,02;36 134
15/08/2014;100,30;100,30;96,90;97,75;43 299
18/08/2014;97,75;100,10;97,74;99,90;100 965
19/08/2014;99,00;101,01;98,70;100,10;71 941
20/08/2014;97,50;99,70;97,50;99,25;365 099
21/08/2014;99,00;99,91;97,33;99,30;34 271
22/08/2014;99,00;99,30;98,10;99,00;55 486
25/08/2014;99,27;99,75;98,27;99,50;85 015
26/08/2014;99,90;100,00;99,08;99,90;33 693
27/08/2014;100,00;102,10;99,82;100,60;18 724
28/08/2014;100,60;102,00;100,00;100,70;5 893
29/08/2014;99,85;102,00;99,85;101,33;99 078
01/09/2014;102,10;103,33;101,68;102,50;178 230
02/09/2014;103,90;103,99;102,75;103,60;78 010
03/09/2014;103,99;104,20;103,52;104,00;30 845
04/09/2014;102,70;106,80;102,50;106,22;87 859
05/09/2014;105,37;106,48;105,37;106,00;9 309
08/09/2014;105,80;106,49;103,50;106,40;220 777
09/09/2014;106,70;107,00;105,02;106,42;32 252
10/09/2014;106,42;107,99;106,10;107,50;236 070
11/09/2014;107,70;109,25;106,75;108,50;77 140
12/09/2014;108,35;108,49;105,21;106,55;25 623
15/09/2014;105,44;108,00;102,01;105,85;420 042
16/09/2014;107,42;107,42;104,50;104,50;3 227
17/09/2014;104,76;105,37;103,00;103,81;108 116
18/09/2014;103,95;105,39;102,50;102,64;52 846
19/09/2014;102,50;104,18;101,48;101,61;58 159
22/09/2014;101,62;102,01;97,10;100,00;300 672
23/09/2014;104,18;104,90;97,10;101,39;90 980
25/09/2014;101,45;102,72;98,00;99,82;48 221
26/09/2014;100,00;100,83;99,02;100,18;87 619
29/09/2014;101,69;101,69;99,45;100,44;49 909
30/09/2014;99,01;101,90;97,16;98,49;138 519
01/10/2014;100,51;100,51;97,00;97,52;55 678
02/10/2014;96,61;101,98;96,52;96,97;71 978
03/10/2014;99,00;100,25;96,14;98,00;60 016
06/10/2014;98,00;99,20;97,36;98,00;25 385
07/10/2014;98,00;100,20;97,23;99,09;41 492
08/10/2014;98,08;99,86;98,00;98,98;37 883
09/10/2014;100,45;100,45;99,40;100,30;54 039
10/10/2014;100,29;100,29;98,50;99,86;21 144
13/10/2014;99,86;101,98;99,25;100,05;36 089
14/10/2014;100,00;101,99;99,12;100,00;98 315
15/10/2014;101,56;101,56;97,05;99,65;85 898
16/10/2014;98,14;99,97;98,14;99,20;25 002
17/10/2014;98,10;104,99;97,05;99,15;341 532
20/10/2014;101,50;102,00;100,25;101,75;147 721
21/10/2014;101,80;102,99;98,85;101,23;431 203
22/10/2014;101,96;102,95;101,23;102,72;262 674
23/10/2014;101,50;103,00;101,26;103,00;613 989
24/10/2014;101,83;103,50;101,83;103,50;91 928
27/10/2014;103,74;103,74;102,46;103,50;204 556
28/10/2014;103,51;104,20;102,76;103,95;39 431
29/10/2014;102,70;106,91;102,70;106,91;106 131
30/10/2014;106,00;106,40;104,51;105,90;49 049
31/10/2014;106,34;108,00;106,30;107,40;349 803
03/11/2014;107,11;109,94;107,00;107,28;108 166
04/11/2014;108,00;109,58;108,00;108,49;151 055
05/11/2014;109,00;109,00;107,83;108,00;41 326
06/11/2014;108,00;108,00;106,90;107,00;58 334
07/11/2014;107,69;109,70;105,25;105,25;146 507
10/11/2014;102,83;105,93;102,83;103,47;85 442
11/11/2014;105,35;105,35;102,50;104,59;54 989
12/11/2014;105,20;107,74;105,20;107,43;91 454
13/11/2014;107,70;111,00;106,62;110,02;488 384
14/11/2014;109,99;111,00;109,81;110,25;138 210
17/11/2014;111,51;111,51;109,01;109,84;52 359
18/11/2014;112,15;112,50;109,87;111,47;124 427
19/11/2014;111,00;112,52;109,63;111,90;659 008
20/11/2014;112,00;113,48;109,52;109,52;285 158
21/11/2014;109,12;113,13;109,12;110,06;60 695
24/11/2014;113,00;113,00;110,00;110,75;80 319
25/11/2014;110,75;111,48;108,00;108,00;91 866
26/11/2014;108,00;109,77;107,90;108,17;38 601
27/11/2014;108,94;108,94;106,92;107,00;22 875
28/11/2014;109,31;109,31;107,00;107,33;210 776
01/12/2014;107,35;108,23;107,03;108,00;10 813
02/12/2014;109,61;110,64;107,13;110,64;902 038
03/12/2014;110,64;110,98;110,00;110,65;361 642
04/12/2014;111,00;113,50;110,73;113,01;173 620
05/12/2014;113,65;117,14;113,65;116,05;98 494
08/12/2014;115,93;116,50;115,80;116,00;273 196
09/12/2014;116,00;116,66;111,00;116,00;81 797
10/12/2014;116,01;117,47;115,57;116,10;227 301
11/12/2014;116,10;116,55;111,50;115,05;118 978
12/12/2014;112,00;116,97;111,00;112,10;62 514
15/12/2014;115,45;115,90;110,60;112,10;18 299
17/12/2014;112,30;113,99;110,64;113,99;49 906
18/12/2014;114,00;117,54;113,89;117,00;169 065
19/12/2014;117,00;120,55;117,00;120,55;82 838
22/12/2014;118,87;122,14;118,87;121,20;83 179
23/12/2014;121,00;121,57;119,82;119,82;109 430
24/12/2014;120,50;123,49;120,00;120,12;19 954
29/12/2014;121,27;124,00;120,00;120,60;41 468
30/12/2014;121,07;121,43;118,27;119,79;41 949
31/12/2014;121,00;121,00;116,30;121,00;10 917
02/01/2015;121,00;121,00;120,00;120,73;2 088
05/01/2015;120,34;122,26;119,92;120,64;307 456
06/01/2015;121,00;121,00;120,12;121,00;22 119
07/01/2015;120,00;121,01;120,00;120,79;33 659
08/01/2015;121,56;121,92;120,99;121,00;53 466
09/01/2015;121,00;121,16;120,01;120,50;54 846
12/01/2015;120,50;120,63;119,21;119,30;60 278
13/01/2015;119,42;120,44;117,20;118,00;63 142
14/01/2015;118,74;119,56;116,40;118,65;282 279
15/01/2015;116,23;118,00;115,50;116,00;40 772
16/01/2015;115,50;116,00;112,98;114,01;332 687
19/01/2015;116,70;116,75;113,75;113,75;55 301
20/01/2015;113,79;116,75;113,79;116,50;39 151
21/01/2015;119,00;119,09;115,61;116,15;63 740
22/01/2015;118,75;118,75;116,00;117,36;24 141
23/01/2015;119,00;121,89;117,38;121,00;72 059
26/01/2015;120,00;122,92;119,61;122,55;57 982
27/01/2015;122,00;123,00;121,00;122,58;57 528
28/01/2015;123,74;123,74;120,12;120,20;54 432
29/01/2015;120,21;121,40;120,00;120,50;30 553
30/01/2015;121,00;122,32;119,95;122,32;147 021
02/02/2015;123,12;123,50;120,50;121,54;30 686
03/02/2015;120,51;121,00;119,54;120,00;53 867
04/02/2015;120,23;121,98;119,80;120,00;132 589
05/02/2015;121,80;122,98;120,48;122,47;11 671
06/02/2015;122,79;124,76;120,52;123,42;47 574
09/02/2015;123,42;123,68;121,02;122,85;18 727
10/02/2015;121,17;123,56;120,00;120,72;43 861
11/02/2015;120,49;122,00;120,00;121,00;75 894
12/02/2015;120,08;124,90;120,00;122,00;147 584
13/02/2015;122,47;123,33;122,05;122,50;124 994
16/02/2015;122,50;124,18;122,50;122,60;58 928
17/02/2015;124,70;124,70;122,00;123,38;62 507
18/02/2015;122,21;124,02;122,21;122,60;66 727
19/02/2015;122,50;123,32;120,01;120,69;83 521
20/02/2015;121,49;122,50;117,01;118,40;139 222
23/02/2015;118,56;120,95;118,50;119,30;186 495
24/02/2015;118,69;122,99;118,31;121,50;52 681
25/02/2015;122,70;123,30;121,07;121,32;82 467
26/02/2015;123,00;123,00;121,01;121,70;101 684
27/02/2015;121,80;121,99;121,50;121,55;115 781
02/03/2015;122,86;123,24;122,25;123,10;42 770
03/03/2015;123,32;124,00;123,01;123,55;25 822
04/03/2015;124,00;124,99;123,70;123,90;49 736
05/03/2015;123,65;128,04;122,00;124,00;108 665
06/03/2015;124,41;124,41;121,31;122,00;93 101
09/03/2015;121,93;123,97;121,32;121,65;25 907
10/03/2015;121,65;121,89;120,01;120,79;106 708
11/03/2015;120,00;120,84;116,20;117,10;103 841
12/03/2015;118,50;120,46;117,02;119,50;192 073
13/03/2015;117,95;121,99;117,95;119,25;99 161
16/03/2015;118,00;121,90;118,00;121,23;46 546
17/03/2015;120,36;122,83;120,36;121,80;120 789
18/03/2015;122,68;124,76;121,33;124,54;333 372
19/03/2015;122,57;127,33;122,57;126,39;87 201
20/03/2015;125,58;126,71;122,04;124,30;79 332
23/03/2015;124,65;127,00;122,72;123,50;93 571
24/03/2015;123,00;123,62;121,82;122,70;43 326
25/03/2015;121,50;123,22;121,50;122,95;69 548
26/03/2015;122,87;122,87;121,50;122,54;58 502
27/03/2015;122,45;123,25;122,05;122,90;297 555
30/03/2015;123,46;125,37;122,93;125,00;280 902
31/03/2015;125,80;125,96;122,29;123,14;92 197
01/04/2015;122,17;124,05;121,06;123,30;392 593
02/04/2015;123,30;124,97;123,30;123,76;72 818
07/04/2015;123,71;126,00;123,71;125,00;90 491
08/04/2015;127,00;128,99;125,00;128,01;65 265
09/04/2015;129,00;133,60;128,60;133,60;65 083
10/04/2015;136,53;138,00;133,66;134,00;108 013
13/04/2015;132,19;136,09;132,02;134,60;64 662
14/04/2015;135,20;143,74;135,20;136,72;59 407
15/04/2015;136,72;138,90;130,02;133,42;160 421
16/04/2015;134,99;135,04;133,07;133,07;109 632
17/04/2015;135,00;135,00;133,13;133,81;52 295
20/04/2015;135,07;135,07;133,18;133,18;91 586
21/04/2015;134,00;134,10;131,03;131,53;269 698
22/04/2015;132,00;133,99;131,50;132,70;60 183
23/04/2015;132,97;134,00;132,97;133,50;24 611
24/04/2015;137,00;139,00;128,16;129,40;100 393
28/04/2015;129,41;134,38;129,34;134,00;243 371
29/04/2015;134,00;134,48;133,10;133,74;80 504
30/04/2015;133,62;133,76;132,91;133,08;12 296
04/05/2015;133,30;133,49;132,07;132,07;84 259
05/05/2015;133,33;133,49;129,05;131,76;97 082
06/05/2015;131,91;132,00;129,88;131,00;157 593
07/05/2015;130,73;131,11;129,69;130,16;81 401
08/05/2015;130,16;133,44;130,16;131,58;38 500
11/05/2015;133,95;133,95;132,00;133,50;60 180
12/05/2015;133,66;133,66;132,00;133,00;26 404
13/05/2015;131,58;132,50;129,87;129,87;34 357
14/05/2015;131,00;132,37;129,60;131,80;72 383
15/05/2015;133,90;135,18;131,99;135,10;41 310
18/05/2015;136,75;138,49;135,15;137,50;60 011
19/05/2015;137,50;137,56;137,00;137,30;27 225
20/05/2015;137,36;139,37;137,26;139,37;104 823
21/05/2015;139,37;139,37;135,20;135,70;46 714
22/05/2015;135,00;135,00;134,01;134,02;30 280
25/05/2015;134,49;134,50;134,00;134,21;32 742
26/05/2015;134,50;134,50;130,27;130,50;77 043
27/05/2015;129,60;132,06;127,50;131,00;126 750
28/05/2015;131,00;132,25;131,00;131,90;124 476
29/05/2015;131,99;132,56;130,03;132,50;438 814
01/06/2015;133,70;133,71;130,00;130,00;128 632
02/06/2015;131,47;131,47;127,50;130,45;75 808
03/06/2015;131,30;132,00;130,00;130,15;29 200
04/06/2015;134,00;134,00;129,00;130,50;133 988
05/06/2015;130,50;132,85;130,50;132,65;57 553
08/06/2015;129,00;131,31;125,38;130,00;98 767
09/06/2015;128,99;129,00;126,10;126,25;33 116
10/06/2015;125,45;127,70;125,44;127,42;19 652
11/06/2015;127,40;129,50;127,07;127,83;44 268
12/06/2015;127,38;127,70;124,50;125,00;33 580
15/06/2015;124,95;126,20;120,35;123,00;163 326
17/06/2015;124,07;124,23;119,11;121,70;103 486
18/06/2015;122,28;123,74;121,20;122,70;88 033
19/06/2015;123,01;124,60;123,00;124,15;107 593
22/06/2015;124,60;124,60;122,98;123,50;282 998
23/06/2015;123,50;124,64;122,03;124,64;86 162
24/06/2015;124,82;125,20;122,92;124,50;257 629
25/06/2015;124,50;124,91;123,65;124,91;65 773
26/06/2015;124,07;127,00;124,07;126,69;78 764
29/06/2015;124,23;126,29;124,23;125,50;24 407
30/06/2015;125,92;128,49;125,50;128,49;48 126
01/07/2015;128,49;128,85;127,00;128,00;161 628
02/07/2015;128,00;129,39;128,00;129,25;101 256
03/07/2015;129,80;133,60;129,32;133,01;146 019
06/07/2015;132,10;133,65;130,43;133,01;481 207
07/07/2015;133,01;134,17;133,00;133,40;193 733
08/07/2015;133,86;135,03;133,83;134,50;266 591
09/07/2015;135,49;138,70;134,90;138,45;365 856
10/07/2015;138,39;138,83;134,31;135,00;106 810
13/07/2015;135,10;136,00;133,36;134,37;136 333
14/07/2015;132,44;137,49;132,44;137,49;50 886
15/07/2015;136,72;139,49;135,97;139,49;136 335
16/07/2015;138,00;140,50;135,50;137,05;370 614
17/07/2015;138,99;141,31;138,99;141,31;259 791
20/07/2015;141,12;143,50;141,10;142,37;71 820
21/07/2015;142,37;147,50;142,10;147,50;128 868
22/07/2015;144,64;148,96;144,64;147,20;349 780
23/07/2015;148,01;148,70;145,36;145,75;180 327
24/07/2015;144,88;147,10;143,46;143,13;133 537
27/07/2015;144,83;146,53;142,72;143,50;120 799
28/07/2015;143,50;146,29;141,25;141,25;217 759
29/07/2015;141,89;146,91;141,83;146,00;570 454
30/07/2015;146,13;149,50;146,10;147,80;384 211
31/07/2015;148,00;148,50;146,54;147,40;454 673
03/08/2015;148,00;148,00;147,03;147,50;219 778
04/08/2015;148,00;149,35;147,03;148,79;209 110
05/08/2015;148,79;149,30;148,47;148,50;204 654
06/08/2015;148,99;148,99;146,17;146,50;188 280
07/08/2015;146,50;146,97;146,28;146,50;209 517
11/08/2015;146,99;146,99;144,93;146,00;142 877
12/08/2015;145,72;146,46;144,84;145,45;116 294
13/08/2015;143,35;146,50;143,20;144,95;190 131
14/08/2015;145,94;145,94;143,27;143,27;103 229
17/08/2015;144,22;146,00;144,22;145,50;290 801
18/08/2015;146,00;147,00;145,50;146,00;151 597
19/08/2015;146,50;146,50;144,15;144,99;93 887
20/08/2015;144,65;144,65;140,37;141,20;163 274
21/08/2015;141,20;141,50;138,61;140,00;234 125
24/08/2015;135,00;138,50;132,39;134,00;236 866
25/08/2015;136,09;139,30;134,00;136,42;254 845
26/08/2015;136,30;136,41;134,90;135,67;147 523
27/08/2015;137,00;139,90;135,01;135,98;258 731
28/08/2015;136,95;139,00;136,14;138,20;162 235
31/08/2015;138,20;138,99;136,25;137,65;127 133
01/09/2015;137,39;137,79;135,73;136,30;104 776
02/09/2015;137,70;139,00;134,80;134,80;125 318
03/09/2015;136,63;138,33;134,80;136,51;170 969
04/09/2015;136,25;137,12;135,34;136,24;216 754
07/09/2015;137,50;140,00;130,07;130,10;136 252
08/09/2015;132,15;132,15;125,63;125,63;293 122
09/09/2015;128,00;131,13;127,75;128,99;344 589
10/09/2015;129,24;129,24;127,14;128,00;313 684
11/09/2015;128,08;129,82;127,11;129,00;524 916
14/09/2015;128,10;129,94;127,51;129,00;201 737
15/09/2015;128,00;129,86;127,64;129,00;218 092
16/09/2015;130,07;130,07;126,00;126,05;328 974
17/09/2015;127,79;129,00;126,26;127,68;205 255
18/09/2015;128,99;129,55;127,95;128,75;293 292
21/09/2015;127,68;129,49;127,68;129,00;337 458
22/09/2015;127,45;130,35;127,45;129,00;388 228
23/09/2015;129,00;129,39;128,32;129,20;125 598
25/09/2015;129,78;130,72;128,20;129,20;226 319
28/09/2015;127,00;129,86;125,61;125,62;99 022
29/09/2015;125,80;126,73;123,81;126,50;283 662
30/09/2015;128,00;129,00;125,27;129,00;139 688
01/10/2015;129,01;130,38;126,78;126,78;174 607
02/10/2015;127,47;129,50;126,82;127,80;129 166
05/10/2015;128,50;128,80;126,01;126,01;109 152
06/10/2015;128,00;130,20;126,11;129,65;252 617
07/10/2015;127,50;129,62;126,62;127,00;282 681
08/10/2015;127,90;129,69;126,35;128,50;150 712
09/10/2015;129,37;129,37;126,80;127,89;136 566
12/10/2015;129,00;130,50;128,09;130,00;384 113
13/10/2015;130,00;130,10;128,36;129,86;304 485
14/10/2015;129,84;129,90;128,35;129,50;210 061
15/10/2015;128,93;130,65;128,71;129,50;211 676
16/10/2015;130,42;130,50;128,29;128,29;183 945
19/10/2015;128,52;130,45;128,51;130,45;224 955
20/10/2015;129,40;130,40;129,40;130,40;330 418
21/10/2015;130,49;130,73;129,29;129,75;150 424
22/10/2015;130,50;130,50;129,23;129,70;61 423
23/10/2015;130,17;133,31;129,21;131,89;333 148
26/10/2015;131,80;137,50;131,80;134,68;435 636
27/10/2015;134,68;134,78;132,89;134,00;92 342
28/10/2015;134,59;138,48;133,11;138,48;210 409
29/10/2015;138,50;138,79;133,38;133,60;94 252
30/10/2015;133,60;136,34;132,29;133,50;134 015
02/11/2015;132,51;133,75;131,51;133,25;185 121
03/11/2015;133,50;133,50;132,45;133,42;82 300
04/11/2015;133,50;133,81;133,15;133,30;429 985
05/11/2015;133,50;133,50;131,10;132,12;239 755
06/11/2015;133,50;133,50;129,65;130,48;110 527
09/11/2015;132,90;133,21;128,53;131,50;115 868
10/11/2015;130,65;133,30;130,06;131,00;111 920
11/11/2015;131,00;134,50;130,01;131,90;125 773
12/11/2015;132,26;132,26;126,14;126,76;77 163
13/11/2015;126,00;127,71;123,50;127,63;190 838
16/11/2015;125,00;129,50;123,62;127,00;140 400
17/11/2015;128,60;131,88;127,01;130,32;257 133
18/11/2015;132,47;132,47;129,93;131,50;232 920
19/11/2015;132,46;133,25;131,02;132,71;359 373
20/11/2015;132,00;134,00;130,99;132,46;200 133
23/11/2015;134,19;134,19;127,56;127,56;112 242
24/11/2015;128,18;131,30;127,60;131,30;111 260
25/11/2015;131,30;132,68;128,00;132,00;106 590
26/11/2015;133,36;133,36;130,88;132,43;69 607
27/11/2015;132,43;132,99;128,61;131,55;88 864
30/11/2015;132,20;132,20;127,50;130,33;150 939
01/12/2015;131,58;132,20;129,00;129,00;129 618
02/12/2015;129,99;131,00;128,58;129,00;146 023
03/12/2015;127,00;129,00;126,96;129,00;88 146
04/12/2015;128,00;129,96;124,50;126,84;261 092
07/12/2015;126,84;129,68;125,29;127,77;135 463
08/12/2015;127,38;127,77;120,89;122,50;157 334
09/12/2015;123,50;127,43;123,10;126,75;205 416
10/12/2015;122,11;123,34;116,48;117,30;263 026
11/12/2015;116,01;117,00;110,01;115,70;556 833
14/12/2015;117,94;123,80;117,94;123,80;201 556
15/12/2015;125,07;125,07;121,62;123,00;204 361
17/12/2015;125,02;131,00;123,98;130,00;439 641
18/12/2015;130,00;131,00;125,00;129,76;345 305
21/12/2015;126,46;130,60;125,00;125,20;260 816
22/12/2015;127,49;127,99;125,31;126,50;147 559
23/12/2015;125,42;129,75;125,39;129,20;132 517
24/12/2015;129,00;130,00;127,50;130,00;9 721
28/12/2015;130,52;131,00;127,00;129,30;71 501
29/12/2015;128,98;129,96;127,52;128,94;62 342
30/12/2015;129,02;129,71;127,00;129,25;105 977
31/12/2015;128,43;128,94;127,39;128,00;4 970
04/01/2016;124,21;125,70;122,89;123,00;115 948
05/01/2016;123,00;124,00;122,51;124,00;75 938
06/01/2016;123,28;123,57;120,01;121,75;289 656
07/01/2016;120,05;120,05;114,75;118,78;246 762
08/01/2016;119,48;120,52;116,76;116,85;73 447
11/01/2016;117,00;117,00;112,06;115,80;189 040
12/01/2016;118,00;122,00;114,44;117,00;113 982
13/01/2016;116,40;121,56;115,01;121,00;126 623
14/01/2016;121,45;121,45;116,49;117,00;148 773
15/01/2016;118,21;118,62;116,50;116,50;160 805
18/01/2016;116,50;119,04;116,20;119,00;301 601
19/01/2016;115,51;122,38;115,51;122,38;351 738
20/01/2016;120,00;123,63;117,97;121,52;437 314
21/01/2016;125,00;125,00;120,00;120,50;177 079
22/01/2016;122,00;123,99;121,50;123,99;113 385
25/01/2016;122,33;125,00;120,53;121,41;97 845
26/01/2016;120,00;125,00;117,75;123,15;221 723
27/01/2016;123,08;126,05;122,36;126,00;143 667
28/01/2016;125,86;129,22;124,86;127,65;394 379
29/01/2016;128,00;128,59;126,07;128,59;164 301
01/02/2016;127,64;130,15;127,57;130,15;142 683
02/02/2016;127,78;130,70;127,78;130,00;256 607
03/02/2016;128,00;130,65;128,00;129,32;231 684
04/02/2016;129,32;132,73;129,03;130,39;109 020
05/02/2016;129,95;132,32;129,00;130,23;161 974
08/02/2016;130,00;131,27;126,01;126,01;116 015
09/02/2016;125,01;129,00;125,00;126,45;74 261
10/02/2016;125,50;128,67;125,44;126,70;82 984
11/02/2016;132,65;136,00;129,20;131,49;687 646
12/02/2016;131,49;134,33;130,62;132,15;258 663
15/02/2016;132,50;136,75;132,50;135,00;170 796
16/02/2016;135,00;137,00;132,54;134,00;319 453
17/02/2016;133,00;134,99;132,51;134,00;164 133
18/02/2016;134,00;136,27;132,02;133,06;198 150
19/02/2016;130,50;135,42;130,50;135,37;294 993
22/02/2016;136,00;137,97;133,00;135,09;210 737
23/02/2016;133,01;135,38;132,69;133,60;67 182
24/02/2016;134,20;135,99;131,26;133,95;69 200
25/02/2016;133,10;136,00;132,68;135,24;101 153
26/02/2016;135,32;138,90;133,92;136,05;192 444
29/02/2016;136,41;144,90;136,41;141,55;246 615
01/03/2016;142,50;147,50;141,02;147,00;431 457
02/03/2016;146,55;152,50;146,25;149,75;615 106
03/03/2016;153,50;153,50;149,38;149,50;405 751
04/03/2016;148,00;153,28;148,00;152,95;445 885
07/03/2016;153,31;161,99;152,50;153,50;206 867
08/03/2016;154,99;154,99;148,73;148,83;222 861
09/03/2016;148,01;149,50;145,44;145,44;148 256
10/03/2016;147,50;149,76;145,45;146,91;206 730
11/03/2016;149,77;153,13;149,47;152,80;299 105
14/03/2016;146,50;147,93;145,70;147,00;132 289
15/03/2016;145,11;148,01;138,23;147,00;123 508
16/03/2016;147,50;147,50;142,50;144,17;164 209
17/03/2016;147,00;149,99;146,50;148,22;136 886
18/03/2016;144,01;152,36;144,01;152,36;344 163
22/03/2016;152,36;152,36;146,55;149,29;102 509
23/03/2016;149,29;150,24;146,70;150,24;104 807
24/03/2016;150,24;150,29;144,00;150,00;91 078
29/03/2016;150,00;150,00;145,00;145,00;194 647
30/03/2016;148,68;151,80;146,63;149,00;155 031
31/03/2016;144,10;149,00;142,15;149,00;119 806
01/04/2016;148,95;149,12;144,98;149,10;92 886
04/04/2016;149,00;152,00;147,97;152,00;142 443
05/04/2016;150,99;151,97;144,50;146,49;176 165
06/04/2016;148,98;151,00;147,21;151,00;215 557
07/04/2016;143,01;155,25;143,01;155,00;265 895
08/04/2016;155,96;157,04;154,00;156,36;516 353
11/04/2016;158,50;158,50;156,00;156,50;190 992
12/04/2016;152,50;156,50;152,50;155,00;176 764
13/04/2016;155,00;155,53;152,00;155,00;258 829
14/04/2016;156,38;157,39;152,53;155,00;143 844
15/04/2016;155,88;155,88;154,35;155,00;231 792
18/04/2016;155,00;158,45;154,69;158,45;325 644
19/04/2016;159,00;162,93;158,45;161,00;133 807
20/04/2016;161,53;163,87;160,12;163,87;279 661
21/04/2016;164,38;164,83;157,64;158,86;181 696
22/04/2016;160,00;163,88;159,47;163,05;145 131
25/04/2016;163,05;167,60;162,52;167,50;460 924
26/04/2016;169,56;170,00;166,70;168,02;600 667
28/04/2016;169,99;169,99;164,16;165,25;205 685
29/04/2016;165,50;165,50;164,41;165,01;457 271
03/05/2016;165,63;165,67;161,37;164,97;351 347
04/05/2016;161,50;167,49;159,51;160,00;408 332
05/05/2016;160,00;160,44;154,89;158,20;466 968
06/05/2016;154,01;157,00;154,00;156,99;150 097
09/05/2016;156,96;158,94;153,44;155,99;163 859
10/05/2016;155,00;161,70;155,00;161,25;294 446
11/05/2016;161,49;162,86;159,01;161,80;163 670
12/05/2016;160,00;161,81;158,69;161,24;102 881
13/05/2016;158,43;160,00;156,99;157,90;167 108
16/05/2016;156,80;160,71;155,10;157,00;352 487
17/05/2016;157,61;161,53;156,66;161,11;478 325
18/05/2016;155,51;167,49;155,51;162,75;366 684
19/05/2016;157,00;162,99;155,90;159,15;266 664
20/05/2016;159,15;162,44;158,89;161,99;300 384
23/05/2016;163,00;164,76;161,82;164,00;178 364
24/05/2016;163,43;166,39;162,45;162,79;171 025
25/05/2016;164,00;167,50;163,04;167,40;340 555
26/05/2016;166,98;176,08;166,60;172,40;581 612
27/05/2016;173,26;177,56;169,91;171,00;784 235
30/05/2016;171,53;173,29;170,28;172,30;71 165
31/05/2016;176,98;176,98;166,89;169,00;445 210
01/06/2016;167,00;176,26;167,00;175,50;383 100
02/06/2016;176,94;176,94;173,24;174,51;498 357
03/06/2016;174,79;176,15;171,35;175,00;251 579
06/06/2016;175,59;177,98;171,00;176,57;215 582
07/06/2016;177,75;178,73;173,94;175,22;191 884
08/06/2016;175,49;180,00;173,47;174,02;247 012
09/06/2016;173,95;173,95;170,00;170,00;180 857
10/06/2016;169,99;169,99;166,11;167,00;193 498
13/06/2016;168,14;170,00;165,10;169,00;227 560
14/06/2016;172,50;172,50;163,00;163,95;110 280
15/06/2016;164,97;167,28;163,72;163,72;359 853
17/06/2016;168,00;172,51;164,31;168,04;469 546
20/06/2016;171,94;175,80;169,60;175,80;287 581
21/06/2016;173,17;178,04;173,01;177,00;216 279
22/06/2016;177,00;181,23;176,84;178,26;188 288
23/06/2016;177,90;182,00;176,44;178,47;251 941
24/06/2016;169,50;180,28;169,50;176,00;261 227
27/06/2016;173,92;175,00;165,00;169,00;194 508
28/06/2016;170,00;177,36;170,00;177,36;390 701
29/06/2016;173,41;183,50;173,41;177,00;375 362
30/06/2016;180,00;186,44;179,08;185,02;779 766
01/07/2016;185,87;187,90;182,34;183,50;494 993
04/07/2016;183,50;184,96;180,50;183,63;202 880
05/07/2016;184,54;184,54;179,12;179,12;279 435
06/07/2016;179,79;180,74;176,53;177,25;324 428
07/07/2016;179,95;182,00;177,61;178,86;284 065
08/07/2016;176,50;181,92;175,02;180,50;294 198
11/07/2016;181,50;187,16;181,03;181,60;404 561
12/07/2016;184,99;184,99;180,11;181,99;231 602
13/07/2016;183,98;183,98;177,85;177,85;248 180
14/07/2016;180,33;183,08;177,50;181,00;179 024
15/07/2016;181,00;181,00;177,50;178,36;194 542
18/07/2016;177,97;182,08;177,62;180,00;208 788
19/07/2016;178,08;183,49;178,08;180,00;435 091
20/07/2016;180,00;186,28;179,01;182,80;313 796
21/07/2016;181,97;183,68;180,01;183,00;203 004
22/07/2016;182,93;182,93;177,00;177,00;481 578
25/07/2016;176,95;178,00;174,71;176,92;359 017
26/07/2016;177,21;181,34;177,00;178,99;190 050
27/07/2016;178,55;179,14;176,97;178,00;229 271
28/07/2016;177,00;179,15;174,05;175,00;167 451
29/07/2016;174,66;174,83;169,91;169,91;230 022
01/08/2016;170,00;177,00;170,00;176,00;786 693
02/08/2016;176,45;176,77;173,91;175,30;707 287
04/08/2016;175,29;176,24;169,88;172,16;370 850
05/08/2016;173,99;175,70;171,29;175,70;219 426
08/08/2016;173,00;173,95;166,78;172,00;351 367
10/08/2016;170,59;176,60;170,50;174,50;338 479
11/08/2016;174,10;175,25;169,99;170,00;234 545
12/08/2016;170,50;171,26;165,19;168,78;649 855
15/08/2016;169,50;172,33;166,14;171,38;1 941 566
16/08/2016;170,99;173,94;168,55;170,00;466 779
17/08/2016;170,03;172,33;169,50;170,10;621 794
18/08/2016;172,90;172,90;170,51;171,97;335 253
19/08/2016;170,41;174,99;170,41;171,89;325 894
22/08/2016;172,00;174,10;171,87;172,50;284 868
23/08/2016;173,46;176,33;172,51;175,00;388 564
24/08/2016;175,24;175,33;169,32;169,80;698 914
25/08/2016;171,13;172,73;164,98;165,77;1 100 170
26/08/2016;166,40;166,40;162,95;164,00;578 389
29/08/2016;163,12;165,29;161,11;163,74;430 107
30/08/2016;165,77;165,77;161,16;162,95;486 326
31/08/2016;162,89;163,05;154,75;156,00;629 674
01/09/2016;155,31;157,81;154,87;156,00;442 950
02/09/2016;155,90;159,73;155,18;158,00;450 155
05/09/2016;159,04;160,80;157,40;159,35;343 173
06/09/2016;159,35;161,44;157,45;160,69;590 273
07/09/2016;161,74;161,74;158,44;160,33;709 629
08/09/2016;158,05;162,57;158,05;159,94;284 381
09/09/2016;158,80;161,57;158,63;161,25;187 463
12/09/2016;160,09;160,56;156,01;156,80;300 130
13/09/2016;157,00;159,47;157,00;158,04;80 607
14/09/2016;156,56;157,46;156,02;156,60;114 307
15/09/2016;156,00;158,22;156,00;156,60;232 272
16/09/2016;155,30;157,48;151,82;152,30;462 619
19/09/2016;152,30;156,78;152,30;154,58;149 064
20/09/2016;153,02;156,28;152,70;154,00;496 929
21/09/2016;153,23;157,02;153,23;155,75;196 361
22/09/2016;156,64;159,25;156,02;158,50;201 018
23/09/2016;160,33;161,07;156,19;160,50;159 107
26/09/2016;159,50;162,58;158,59;160,54;331 649
27/09/2016;160,50;163,50;157,00;162,00;426 506
28/09/2016;162,63;163,15;158,72;162,09;375 410
29/09/2016;164,18;164,18;162,01;162,71;549 205
30/09/2016;162,02;162,97;158,11;160,00;210 823
03/10/2016;159,62;161,90;159,30;160,00;186 868
04/10/2016;160,54;162,93;160,22;161,06;656 223
05/10/2016;161,06;163,22;161,06;161,94;258 305
06/10/2016;162,32;162,50;157,70;158,00;561 120
07/10/2016;158,18;160,80;156,45;160,00;585 784
10/10/2016;159,99;161,28;159,04;159,35;72 671
11/10/2016;158,70;159,31;155,09;158,83;261 069
12/10/2016;158,70;158,70;155,62;156,93;137 997
13/10/2016;156,93;156,93;153,49;153,79;127 268
14/10/2016;153,79;155,68;153,48;155,68;87 010
17/10/2016;154,42;156,92;152,87;154,94;238 686
18/10/2016;154,89;160,36;154,89;159,89;421 482
19/10/2016;159,90;161,42;157,63;160,00;347 028
20/10/2016;160,00;160,00;157,03;158,24;180 541
21/10/2016;159,22;159,57;157,03;158,94;282 252
24/10/2016;159,00;159,99;156,57;157,55;486 891
25/10/2016;157,76;158,52;156,08;156,10;526 041
26/10/2016;155,34;158,11;155,34;157,30;623 484
27/10/2016;156,45;158,00;154,30;155,95;414 487
28/10/2016;155,95;155,96;153,00;154,00;700 240
31/10/2016;156,00;158,15;152,22;157,27;394 861
01/11/2016;157,27;158,95;155,46;156,77;342 064
02/11/2016;157,98;157,98;153,40;155,26;162 832
03/11/2016;155,00;155,68;153,14;155,00;133 798
04/11/2016;155,54;155,55;153,10;154,25;424 222
07/11/2016;155,55;159,02;154,35;158,50;878 140
08/11/2016;159,88;161,63;158,63;161,01;645 185
09/11/2016;155,00;161,59;155,00;159,75;99 974
10/11/2016;161,99;162,97;158,22;158,91;152 786
11/11/2016;160,00;160,00;151,02;153,53;285 423
14/11/2016;154,47;155,42;150,95;150,95;262 059
15/11/2016;153,99;154,00;150,06;153,24;230 143
16/11/2016;152,61;155,26;152,52;154,06;286 175
17/11/2016;153,01;157,21;153,01;156,30;157 465
18/11/2016;158,00;158,00;153,50;157,30;184 773
21/11/2016;155,03;157,99;155,03;157,98;106 728
22/11/2016;159,09;163,68;156,77;162,75;658 236
23/11/2016;162,75;163,41;158,00;161,12;779 270
24/11/2016;161,12;161,96;160,00;160,75;99 385
25/11/2016;160,00;162,47;159,34;161,00;234 690
28/11/2016;160,20;166,50;160,20;161,58;144 173
29/11/2016;161,00;163,00;161,00;161,99;368 936
30/11/2016;162,50;163,00;158,12;158,15;210 788
01/12/2016;158,91;159,97;152,29;154,82;229 749
02/12/2016;154,82;162,28;152,03;153,40;115 660
05/12/2016;153,01;160,99;151,83;152,65;208 799
06/12/2016;152,80;154,97;151,79;151,93;86 134
07/12/2016;152,00;156,80;152,00;154,99;181 988
08/12/2016;156,00;157,47;154,02;156,45;224 154
09/12/2016;157,80;157,80;155,71;156,28;197 448
12/12/2016;157,50;159,18;155,02;155,88;188 755
13/12/2016;157,35;160,00;156,20;156,49;418 752
14/12/2016;156,70;159,84;155,20;157,95;252 915
15/12/2016;158,00;158,67;155,02;156,38;227 526
19/12/2016;156,38;158,03;153,10;154,59;182 974
20/12/2016;156,37;157,48;154,14;157,16;272 966
21/12/2016;157,90;160,03;155,92;159,90;305 240
22/12/2016;159,45;160,00;157,87;159,17;73 494
23/12/2016;158,36;159,31;156,81;157,62;26 453
28/12/2016;158,69;160,00;158,33;159,05;53 712
29/12/2016;159,05;164,63;159,05;164,14;130 160
30/12/2016;164,14;164,89;161,00;164,27;29 707
03/01/2017;164,25;164,25;161,33;163,00;126 774
04/01/2017;162,61;164,43;161,19;162,00;111 380
05/01/2017;163,99;163,99;159,18;160,00;49 318
06/01/2017;162,00;163,94;158,95;159,60;103 691
09/01/2017;161,50;161,50;158,25;159,75;53 085
10/01/2017;159,75;161,90;159,37;159,90;94 493
11/01/2017;159,01;161,70;158,02;159,90;90 534
12/01/2017;159,90;160,16;156,00;156,60;113 723
13/01/2017;158,00;158,00;155,80;156,15;202 022
16/01/2017;156,15;159,50;156,15;159,10;134 619
17/01/2017;159,98;160,54;157,90;158,44;162 463
18/01/2017;157,01;159,31;157,01;158,62;262 974
19/01/2017;158,62;161,47;158,15;158,15;226 370
20/01/2017;157,50;161,48;155,95;157,20;475 510
23/01/2017;157,50;159,34;157,20;158,50;465 041
24/01/2017;157,53;164,53;157,53;164,20;793 880
25/01/2017;163,50;167,50;163,50;165,25;214 328
26/01/2017;167,50;167,50;163,85;165,00;214 441
27/01/2017;163,46;164,99;161,52;161,70;160 327
30/01/2017;166,00;166,00;158,12;158,12;101 402
31/01/2017;158,12;162,53;158,12;161,34;137 345
01/02/2017;162,50;162,86;160,50;162,49;147 978
02/02/2017;162,99;162,99;160,01;160,92;108 256
03/02/2017;161,02;161,30;159,50;161,29;1 506 736
06/02/2017;160,98;162,68;159,77;161,00;221 286
07/02/2017;159,13;159,26;156,75;157,74;212 956
08/02/2017;160,00;160,00;156,50;158,00;267 247
09/02/2017;157,81;158,75;154,87;155,90;205 945
10/02/2017;160,00;160,00;156,90;157,39;325 886
13/02/2017;159,00;159,55;157,54;158,00;113 311
14/02/2017;157,70;159,97;157,04;159,97;469 235
15/02/2017;159,02;161,50;159,02;161,01;544 218
16/02/2017;161,14;164,02;161,09;162,90;477 254
17/02/2017;161,02;165,68;161,02;164,75;241 585
20/02/2017;164,00;164,39;161,07;162,00;92 146
21/02/2017;162,03;163,99;161,00;162,00;119 784
22/02/2017;162,04;164,19;161,09;163,00;316 084
23/02/2017;162,25;166,75;162,01;165,01;222 872
24/02/2017;165,01;166,98;162,21;164,66;335 295
27/02/2017;164,00;164,99;160,81;162,80;443 930
28/02/2017;162,79;164,67;162,50;162,80;393 601
01/03/2017;158,51;158,51;145,02;151,05;1 303 826
02/03/2017;151,25;151,90;148,45;149,73;868 164
03/03/2017;149,02;149,02;146,00;146,00;732 014
06/03/2017;146,00;152,00;144,16;150,83;446 032
07/03/2017;151,00;152,48;144,00;149,00;236 416
08/03/2017;148,50;150,48;145,94;146,70;373 074
09/03/2017;145,00;147,50;144,51;146,11;482 165
10/03/2017;145,11;148,20;145,01;145,60;333 836
13/03/2017;149,00;149,00;143,98;144,20;263 011
14/03/2017;147,45;147,45;139,00;139,14;265 569
15/03/2017;139,15;139,15;133,68;138,25;526 275
16/03/2017;139,00;142,61;138,67;142,39;515 747
17/03/2017;141,90;142,19;138,10;141,50;652 991
20/03/2017;141,50;143,83;140,50;141,96;119 861
21/03/2017;141,50;143,83;140,50;141,96;0
22/03/2017;137,57;138,99;133,34;135,82;665 209
23/03/2017;137,79;137,79;134,44;135,00;194 837
24/03/2017;134,91;136,50;132,57;132,60;256 371
27/03/2017;135,99;135,99;128,94;129,08;293 255
28/03/2017;129,21;132,51;128,78;131,80;422 530
29/03/2017;132,50;133,44;131,80;132,73;179 791
30/03/2017;132,04;133,39;129,21;131,66;457 611
31/03/2017;129,00;129,90;126,86;129,13;332 095
03/04/2017;129,00;130,12;125,51;126,10;515 126
04/04/2017;126,19;126,21;123,42;125,25;630 950
05/04/2017;126,80;126,80;121,79;123,00;563 284
06/04/2017;122,50;124,20;121,84;123,66;929 519
07/04/2017;122,50;126,00;121,82;124,51;770 402
10/04/2017;124,95;125,90;124,23;125,33;653 452
11/04/2017;125,00;131,89;125,00;128,00;1 069 105
12/04/2017;128,10;131,75;128,10;131,02;280 174
13/04/2017;131,93;132,23;130,77;132,00;464 046
14/04/2017;131,93;132,23;130,77;132,00;0
17/04/2017;131,93;132,23;130,77;132,00;0
18/04/2017;132,00;137,00;132,00;136,30;345 172
19/04/2017;135,41;137,50;133,66;135,00;486 245
20/04/2017;134,44;135,20;133,50;134,45;165 382
21/04/2017;133,57;134,56;133,00;133,59;140 354
24/04/2017;135,00;138,97;134,65;138,68;239 784
25/04/2017;137,69;140,06;136,37;140,00;330 080
26/04/2017;139,50;140,66;138,79;139,89;268 628
27/04/2017;139,50;140,66;138,79;139,89;0
28/04/2017;140,81;142,98;140,27;142,66;346 111
01/05/2017;140,81;142,98;140,27;142,66;0
02/05/2017;142,89;145,90;142,35;145,25;548 143
03/05/2017;145,88;146,52;143,52;144,80;364 242
04/05/2017;144,01;145,69;143,21;143,67;425 412
05/05/2017;143,40;144,68;142,12;142,72;692 477
08/05/2017;143,00;143,00;141,28;141,61;249 982
09/05/2017;140,90;143,00;140,67;142,03;337 774
10/05/2017;143,00;144,50;142,25;142,80;246 623
11/05/2017;143,00;143,50;141,91;142,39;183 016
12/05/2017;141,90;143,29;139,00;139,45;597 385
15/05/2017;140,50;140,50;137,46;137,81;210 921
16/05/2017;137,00;138,65;136,61;136,92;264 373
17/05/2017;136,08;138,49;136,08;136,90;234 354
18/05/2017;135,51;139,39;135,01;138,39;221 830
19/05/2017;138,48;140,52;138,25;139,63;123 634
22/05/2017;140,03;141,09;138,78;140,02;225 679
23/05/2017;139,29;139,50;138,15;138,99;53 640
24/05/2017;136,26;139,05;136,26;137,50;277 321
25/05/2017;136,99;138,49;136,99;137,88;222 568
26/05/2017;138,22;138,22;136,26;136,57;214 471
29/05/2017;136,01;136,65;135,12;135,12;72 207
30/05/2017;135,82;136,03;134,51;135,70;134 540
31/05/2017;134,19;135,98;130,71;131,28;290 123
01/06/2017;130,60;131,43;126,27;127,83;240 874
02/06/2017;129,50;131,96;127,83;131,59;77 657
05/06/2017;131,17;131,81;129,69;131,00;148 941
06/06/2017;131,00;131,93;129,11;129,36;100 627
07/06/2017;130,00;130,00;126,45;126,72;41 128
08/06/2017;128,30;128,30;124,30;125,15;122 823
09/06/2017;127,30;127,30;124,47;125,80;185 244
12/06/2017;125,80;130,00;125,80;126,75;272 664
13/06/2017;125,88;128,98;125,50;125,90;155 153
14/06/2017;126,64;127,06;125,92;126,60;232 625
15/06/2017;125,50;127,68;125,50;126,60;278 540
16/06/2017;125,50;127,68;125,50;126,60;0
19/06/2017;126,00;126,48;124,35;126,35;148 692
20/06/2017;128,50;128,96;124,47;125,92;75 798
21/06/2017;125,52;130,31;125,50;127,60;259 928
22/06/2017;128,00;128,00;125,00;125,64;122 137
23/06/2017;128,00;128,00;125,80;127,10;34 308
26/06/2017;127,00;128,40;125,80;127,50;111 409
27/06/2017;125,82;128,24;125,14;127,74;86 243
28/06/2017;127,05;127,99;124,67;124,67;136 276
29/06/2017;125,06;127,49;123,64;123,76;63 300
30/06/2017;125,61;125,92;122,00;122,85;170 268
03/07/2017;122,03;125,25;122,03;123,20;240 842
04/07/2017;123,50;125,56;123,43;124,00;66 744
05/07/2017;123,85;125,46;123,82;124,40;162 936
06/07/2017;122,02;127,02;122,02;126,52;267 816
07/07/2017;124,62;126,95;124,62;126,50;209 535
10/07/2017;127,00;128,89;126,03;127,13;244 024
11/07/2017;126,51;128,00;126,50;126,85;133 693
12/07/2017;128,98;128,98;126,50;126,52;298 094
13/07/2017;126,51;128,29;126,50;127,33;74 400
14/07/2017;127,33;129,50;127,33;129,10;147 514
17/07/2017;129,50;131,00;129,49;131,00;91 345
18/07/2017;130,28;132,11;129,90;130,73;57 924
19/07/2017;132,00;133,26;131,16;132,99;297 727
20/07/2017;132,00;134,24;131,86;133,37;1 055 195
21/07/2017;133,97;133,98;131,45;131,89;102 110
24/07/2017;131,00;132,03;129,76;129,85;192 889
25/07/2017;130,84;130,84;129,51;130,02;170 627
26/07/2017;130,50;131,01;129,98;130,51;78 599
27/07/2017;130,50;132,64;130,50;131,99;282 754
28/07/2017;130,00;133,00;130,00;131,67;96 914
31/07/2017;132,00;133,37;131,11;131,79;169 573
01/08/2017;131,85;132,97;131,00;131,92;309 652
02/08/2017;131,79;132,51;131,40;132,00;388 543
03/08/2017;131,99;133,30;129,00;131,00;228 656
04/08/2017;130,14;131,10;127,51;129,80;291 476
07/08/2017;130,20;130,74;128,30;130,10;251 724
08/08/2017;129,55;131,75;129,53;131,04;195 614
09/08/2017;129,55;131,75;129,53;131,04;0
10/08/2017;131,75;136,15;131,20;135,41;231 972
11/08/2017;135,00;137,25;134,42;136,47;73 892
14/08/2017;136,00;138,43;136,00;137,78;267 207
15/08/2017;138,24;140,57;137,45;140,57;286 645
16/08/2017;140,00;142,71;140,00;140,52;530 849
17/08/2017;141,65;141,70;138,49;139,76;107 888
18/08/2017;137,00;139,28;136,26;137,03;138 501
21/08/2017;138,06;139,84;136,48;138,35;100 689
22/08/2017;138,51;140,74;138,32;139,58;154 557
23/08/2017;138,70;139,85;137,05;139,63;413 764
24/08/2017;138,98;140,73;138,60;139,60;111 749
25/08/2017;138,78;139,67;136,70;136,70;112 355
28/08/2017;136,02;137,72;134,71;135,29;232 818
29/08/2017;134,75;134,80;133,47;134,26;365 558
30/08/2017;134,72;135,81;133,75;134,61;259 615
31/08/2017;134,07;134,92;134,05;134,80;142 657
01/09/2017;136,00;136,25;134,49;135,67;112 243
04/09/2017;134,02;135,93;134,02;134,54;120 697
05/09/2017;134,01;135,22;134,01;134,46;157 037
06/09/2017;135,60;135,60;128,79;129,39;729 693
07/09/2017;131,26;131,26;126,41;128,00;486 832
08/09/2017;127,02;129,33;126,06;127,64;157 364
11/09/2017;126,50;128,81;126,50;127,38;156 606
12/09/2017;127,50;129,69;126,54;126,94;201 232
13/09/2017;127,00;127,22;126,15;126,46;143 560
14/09/2017;126,75;127,00;125,68;126,75;129 414
15/09/2017;126,01;129,00;125,75;126,55;277 869
18/09/2017;128,99;128,99;126,66;127,53;178 904
19/09/2017;127,64;128,05;126,50;127,21;109 951
20/09/2017;127,20;128,49;126,24;127,16;119 687
21/09/2017;128,00;128,00;124,64;126,70;408 425
22/09/2017;127,65;127,86;125,81;127,30;84 808
25/09/2017;127,65;127,86;125,81;127,30;0
26/09/2017;128,50;128,50;124,11;125,24;178 497
27/09/2017;125,34;125,34;123,13;123,65;133 623
28/09/2017;123,50;123,50;122,43;122,43;75 582
29/09/2017;122,99;124,31;122,52;123,80;123 090
02/10/2017;123,82;124,96;122,18;123,86;139 044
03/10/2017;123,84;127,03;123,10;127,03;218 779
04/10/2017;126,00;126,82;122,18;123,17;174 503
05/10/2017;124,00;124,61;122,66;123,17;113 051
06/10/2017;122,99;123,47;119,40;119,70;226 967
09/10/2017;120,00;123,26;119,75;122,75;401 348
10/10/2017;123,10;125,20;122,82;125,10;179 731
11/10/2017;123,25;127,78;122,67;127,73;151 225
12/10/2017;127,43;131,36;127,43;131,32;217 318
13/10/2017;131,70;134,00;129,95;133,69;194 018
16/10/2017;132,27;136,27;127,10;134,47;230 314
17/10/2017;135,50;135,98;134,12;135,72;176 616
18/10/2017;135,50;138,21;133,40;138,21;433 033
19/10/2017;136,79;138,00;133,50;135,10;149 027
20/10/2017;136,14;137,00;134,28;136,82;487 850
23/10/2017;136,81;137,13;134,57;136,00;117 671
24/10/2017;135,04;136,54;133,62;134,26;151 193
25/10/2017;135,00;136,94;132,64;134,59;108 715
26/10/2017;133,66;133,82;129,73;132,50;166 337
27/10/2017;130,19;132,99;130,19;131,10;170 959
30/10/2017;129,01;134,63;128,62;134,03;136 370
31/10/2017;134,00;135,00;131,70;134,07;112 215
01/11/2017;132,35;135,92;132,35;135,00;82 522
02/11/2017;134,90;135,90;131,31;135,29;100 052
03/11/2017;133,35;135,83;132,21;132,78;99 958
06/11/2017;131,50;134,34;131,50;133,24;135 237
07/11/2017;132,01;133,98;132,01;133,00;64 286
08/11/2017;132,02;136,26;132,02;135,50;121 023
09/11/2017;133,50;136,64;133,00;135,00;244 575
10/11/2017;136,00;138,35;135,97;138,00;239 253
13/11/2017;136,01;140,92;133,51;134,92;370 551
14/11/2017;134,80;134,80;130,14;133,00;183 461
15/11/2017;132,88;132,88;127,00;128,48;87 765
16/11/2017;129,50;129,50;126,39;128,30;92 853
17/11/2017;126,00;130,16;126,00;129,30;240 367
20/11/2017;128,60;129,62;126,07;129,12;49 491
21/11/2017;127,00;129,00;127,00;128,87;127 730
22/11/2017;128,87;130,67;128,19;130,67;59 342
23/11/2017;127,02;131,29;127,01;129,06;77 766
24/11/2017;128,00;132,00;128,00;129,73;29 979
27/11/2017;129,69;132,81;128,52;132,05;90 843
28/11/2017;127,00;134,56;127,00;132,78;73 445
29/11/2017;135,00;135,00;130,61;131,37;71 259
30/11/2017;131,30;133,90;130,93;133,90;75 277
01/12/2017;132,00;134,77;130,60;134,45;74 861
04/12/2017;128,00;137,99;128,00;137,50;87 346
05/12/2017;137,50;140,20;137,50;140,11;161 372
06/12/2017;139,50;140,50;138,03;139,10;145 921
07/12/2017;139,00;140,50;134,95;137,43;336 554
08/12/2017;135,00;138,00;135,00;137,80;103 705
11/12/2017;137,50;137,99;134,96;136,59;55 452
12/12/2017;136,75;137,49;132,88;135,00;196 295
13/12/2017;137,50;143,82;135,02;141,50;217 311
14/12/2017;145,00;148,32;142,01;145,74;194 139
15/12/2017;145,00;148,80;142,00;146,00;239 460
18/12/2017;142,01;157,27;142,01;151,50;282 569
19/12/2017;151,50;152,48;149,00;152,00;430 684
20/12/2017;154,89;157,93;148,01;154,90;211 103
21/12/2017;152,00;155,48;151,14;153,08;235 212
22/12/2017;152,90;152,90;149,61;150,75;74 885
25/12/2017;152,90;152,90;149,61;150,75;0
26/12/2017;152,90;152,90;149,61;150,75;0
27/12/2017;150,75;152,92;150,75;152,00;63 690
28/12/2017;149,00;155,28;149,00;154,00;57 201
29/12/2017;155,49;155,49;152,49;154,85;27 906
01/01/2018;155,49;155,49;152,49;154,85;0
02/01/2018;150,00;155,43;150,00;153,50;66 209
03/01/2018;152,00;158,42;151,61;158,42;127 497
04/01/2018;155,00;161,17;155,00;161,17;143 763
05/01/2018;160,34;164,00;160,30;163,00;181 498
08/01/2018;165,00;166,97;160,00;163,00;771 328
09/01/2018;160,05;166,07;160,05;165,50;252 280
10/01/2018;163,24;168,39;163,24;168,00;696 335
11/01/2018;165,51;168,66;165,51;167,11;91 390
12/01/2018;168,00;169,96;165,50;169,50;67 977
15/01/2018;169,50;170,25;167,78;168,20;70 698
16/01/2018;169,10;170,00;166,96;169,50;315 810
17/01/2018;166,02;169,81;166,02;168,26;254 408
18/01/2018;169,50;171,00;167,83;171,00;303 128
19/01/2018;171,00;172,75;169,00;172,50;222 462
22/01/2018;173,00;177,53;172,98;176,25;1 112 374
23/01/2018;176,25;180,33;175,87;178,08;841 788
24/01/2018;177,00;184,45;177,00;181,29;196 106
25/01/2018;179,00;186,77;179,00;186,05;640 238
26/01/2018;185,00;188,41;185,00;187,19;984 121
29/01/2018;180,50;188,49;179,06;180,56;447 084
30/01/2018;175,00;180,88;175,00;180,00;162 912
31/01/2018;176,50;187,80;176,00;187,80;582 470
01/02/2018;179,26;187,30;179,26;180,14;234 845
02/02/2018;179,26;187,48;176,27;183,98;137 209
05/02/2018;179,26;181,00;176,03;177,53;148 754
06/02/2018;175,00;178,16;167,25;177,47;162 003
07/02/2018;178,80;185,69;175,00;183,40;762 437
08/02/2018;182,46;185,00;174,27;184,00;188 768
09/02/2018;179,00;183,00;175,22;182,50;200 335
12/02/2018;180,01;182,46;177,01;182,00;104 403
13/02/2018;179,00;185,80;179,00;185,80;156 090
14/02/2018;186,50;186,55;181,22;184,51;334 882
15/02/2018;185,50;191,33;182,41;186,00;1 879 003
16/02/2018;188,99;190,57;184,73;187,68;739 637
19/02/2018;187,68;187,68;183,21;184,37;126 127
20/02/2018;185,00;187,45;182,13;187,17;177 257
21/02/2018;187,17;187,17;180,03;183,50;420 388
22/02/2018;182,70;183,45;176,09;181,00;447 259
23/02/2018;181,00;191,20;180,50;190,25;680 624
26/02/2018;190,25;198,99;190,25;198,00;923 314
27/02/2018;196,00;207,90;196,00;204,00;1 443 503
28/02/2018;203,96;205,46;198,35;204,00;1 062 975
01/03/2018;202,99;203,00;198,46;202,90;107 560
02/03/2018;202,50;202,50;198,01;200,01;134 851
05/03/2018;198,05;202,02;195,06;196,15;642 710
06/03/2018;196,15;203,00;195,01;195,84;493 419
07/03/2018;195,00;197,45;192,00;194,02;554 583
08/03/2018;192,00;196,97;189,00;194,00;633 806
09/03/2018;191,00;195,10;189,05;189,89;256 621
12/03/2018;187,00;193,14;186,84;190,79;383 918
13/03/2018;192,99;192,99;184,62;189,00;213 861
14/03/2018;183,90;188,98;182,49;185,71;222 666
15/03/2018;184,11;193,51;184,11;187,30;951 603
16/03/2018;186,99;190,76;182,92;182,92;598 615
19/03/2018;182,92;183,83;179,89;182,67;420 271
20/03/2018;177,99;182,11;176,63;179,66;234 385
21/03/2018;177,99;182,11;176,63;179,66;0
22/03/2018;177,14;184,54;177,14;181,90;339 514
23/03/2018;178,10;183,84;178,02;182,69;247 828
26/03/2018;180,00;183,50;175,83;179,16;151 642
27/03/2018;177,57;183,60;177,57;182,71;239 158
28/03/2018;180,50;183,52;179,25;182,40;211 755
29/03/2018;179,00;188,46;177,00;184,12;160 300
30/03/2018;179,00;188,46;177,00;185,33;0
02/04/2018;179,00;188,46;177,00;185,33;0
03/04/2018;185,33;186,78;181,43;183,70;179 691
04/04/2018;183,43;184,37;176,90;180,81;157 553
05/04/2018;182,60;185,97;182,20;184,00;109 126
06/04/2018;184,01;186,99;181,00;184,20;198 044
09/04/2018;185,00;193,30;183,03;192,80;274 466
10/04/2018;193,80;194,94;190,53;191,65;153 703
11/04/2018;192,00;193,24;190,15;191,99;112 557
12/04/2018;189,01;194,38;188,31;188,80;89 956
13/04/2018;189,00;191,14;186,24;188,35;42 875
16/04/2018;191,30;192,00;186,07;189,86;150 293
17/04/2018;186,51;193,82;186,51;192,46;107 897
18/04/2018;190,21;194,99;190,21;193,90;126 818
19/04/2018;192,00;195,87;192,00;194,63;85 529
20/04/2018;196,41;196,41;193,20;195,09;435 165
23/04/2018;195,49;195,55;190,55;191,30;102 663
24/04/2018;188,01;192,98;188,01;191,18;64 592
25/04/2018;192,38;194,93;188,60;190,00;338 744
26/04/2018;190,00;197,78;189,58;195,88;145 311
30/04/2018;191,29;199,50;191,29;196,00;71 635
02/05/2018;195,29;203,25;194,15;201,79;106 305
03/05/2018;198,71;202,98;195,00;195,78;184 258
04/05/2018;198,50;201,05;197,58;199,27;88 260
07/05/2018;195,12;200,30;195,12;198,23;36 200
08/05/2018;196,04;199,45;195,52;195,80;68 914
09/05/2018;197,97;199,48;196,59;197,72;73 274
10/05/2018;198,06;204,00;198,06;200,35;247 091
11/05/2018;201,01;202,38;198,31;201,99;105 246
14/05/2018;198,20;201,99;196,38;197,21;79 027
15/05/2018;194,00;199,00;193,04;194,42;161 076
16/05/2018;193,20;199,84;190,35;194,91;175 074
17/05/2018;197,00;197,00;190,49;193,13;46 261
18/05/2018;192,00;195,00;190,83;192,24;86 417
21/05/2018;192,99;194,50;188,86;190,39;144 564
22/05/2018;189,00;195,00;189,00;191,69;127 521
23/05/2018;193,99;193,99;189,09;189,62;145 726
24/05/2018;187,00;188,83;184,02;186,15;131 188
25/05/2018;189,99;190,05;185,86;187,40;131 017
28/05/2018;185,00;191,01;185,00;187,07;82 681
29/05/2018;187,48;187,48;182,76;183,44;99 419
30/05/2018;181,00;184,28;178,92;180,46;311 311
31/05/2018;182,40;183,50;179,00;181,51;286 975
01/06/2018;183,35;183,35;177,59;179,64;1 094 292
04/06/2018;181,67;187,73;181,67;187,02;203 888
05/06/2018;187,34;187,34;183,29;185,00;132 584
06/06/2018;186,45;188,05;184,86;186,71;120 483
07/06/2018;188,86;188,86;182,38;182,57;124 478
08/06/2018;182,01;183,84;179,95;181,20;100 045
11/06/2018;181,01;183,75;179,96;180,09;159 071
12/06/2018;180,00;180,02;177,68;179,01;88 459
13/06/2018;179,50;179,55;175,51;176,02;122 115
14/06/2018;175,09;179,20;174,72;176,00;189 205
15/06/2018;174,77;174,77;168,00;172,28;390 936
18/06/2018;170,79;172,97;169,92;171,70;338 376
19/06/2018;171,96;171,96;165,38;167,43;125 304
20/06/2018;172,00;173,81;165,94;168,96;220 217
21/06/2018;167,00;167,00;162,60;163,04;201 579
22/06/2018;163,53;167,19;163,15;164,53;150 453
25/06/2018;167,87;167,87;158,53;160,06;223 471
26/06/2018;160,36;166,71;153,93;158,67;138 149
27/06/2018;155,65;158,44;155,64;157,92;157 841
28/06/2018;162,00;162,00;156,02;157,50;230 015
29/06/2018;157,07;166,78;157,07;161,37;445 385
02/07/2018;166,98;166,98;156,50;163,65;175 366
03/07/2018;156,00;167,00;156,00;164,57;279 451
04/07/2018;164,67;166,97;163,00;166,48;104 794
05/07/2018;164,20;166,99;162,99;163,02;86 011
06/07/2018;157,00;165,26;156,10;163,74;187 285
09/07/2018;165,90;167,19;162,99;163,45;98 118
10/07/2018;167,00;167,97;161,46;161,50;252 335
11/07/2018;160,94;161,52;158,11;158,61;243 318
12/07/2018;156,00;162,48;156,00;161,00;112 847
13/07/2018;164,93;164,93;159,05;159,08;35 392
16/07/2018;159,60;164,04;159,42;161,73;203 261
17/07/2018;160,84;171,88;158,14;168,77;449 077
18/07/2018;161,00;169,49;161,00;162,71;152 088
19/07/2018;167,50;167,50;162,24;163,67;127 953
20/07/2018;164,00;168,37;159,01;167,27;94 981
23/07/2018;168,05;168,46;162,31;163,37;54 773
24/07/2018;162,48;166,93;162,48;165,85;69 201
25/07/2018;166,99;167,92;163,86;164,63;106 194
26/07/2018;164,31;168,23;163,04;164,30;103 046
27/07/2018;163,20;167,98;161,79;162,07;108 331
30/07/2018;163,99;167,46;162,38;165,42;124 494
31/07/2018;163,50;167,50;162,51;166,30;300 223
01/08/2018;165,50;168,20;165,03;167,70;165 973
02/08/2018;170,00;170,00;162,11;164,85;103 571
03/08/2018;163,53;165,66;157,55;161,51;198 680
06/08/2018;162,00;162,03;155,00;155,89;129 457
07/08/2018;154,99;159,62;153,88;156,70;162 249
08/08/2018;155,49;158,92;154,00;157,01;229 528
09/08/2018;155,49;158,92;154,00;157,01;0
10/08/2018;156,99;158,86;154,00;155,01;85 544
13/08/2018;157,97;157,97;151,94;152,50;156 292
14/08/2018;152,71;155,18;152,61;154,30;55 705
15/08/2018;151,75;153,92;151,57;152,00;83 389
16/08/2018;152,00;156,02;151,84;156,02;83 429
17/08/2018;157,00;157,00;153,37;154,82;113 207
20/08/2018;152,31;156,08;152,31;153,60;415 350
21/08/2018;153,67;156,66;153,67;154,55;167 791
22/08/2018;153,61;155,97;153,61;155,23;61 113
23/08/2018;156,00;156,92;155,05;155,06;28 233
24/08/2018;156,97;156,99;154,42;155,53;434 853
27/08/2018;155,32;157,72;155,32;157,11;58 941
28/08/2018;156,20;162,48;156,20;159,97;55 250
29/08/2018;162,26;162,26;155,62;157,07;94 682
30/08/2018;156,60;157,74;154,25;154,87;97 757
31/08/2018;155,00;163,05;155,00;163,00;120 545
03/09/2018;165,00;165,00;157,74;158,54;58 229
04/09/2018;158,21;161,41;153,75;159,00;145 907
05/09/2018;155,01;161,93;155,00;158,66;65 340
06/09/2018;156,61;157,80;153,48;154,39;179 393
07/09/2018;153,23;155,66;153,23;154,31;122 962
10/09/2018;153,00;154,14;151,52;151,52;77 958
11/09/2018;151,52;151,82;146,59;149,32;103 926
12/09/2018;149,27;150,48;148,88;149,25;123 836
13/09/2018;149,49;150,14;146,67;150,14;142 077
14/09/2018;149,01;154,54;149,01;153,40;212 240
17/09/2018;155,28;155,46;153,02;155,01;309 713
18/09/2018;155,00;157,42;155,00;156,00;95 354
19/09/2018;156,00;157,53;155,04;155,62;94 448
20/09/2018;156,90;157,81;150,58;154,41;375 406
21/09/2018;154,63;154,63;151,11;153,62;375 314
24/09/2018;154,63;154,63;151,11;153,62;0
25/09/2018;154,88;159,73;152,65;158,08;145 788
26/09/2018;156,01;161,38;156,01;160,56;83 467
27/09/2018;159,69;161,60;158,11;159,74;62 064
28/09/2018;152,15;164,99;152,00;158,09;115 292
01/10/2018;161,50;162,09;156,37;156,73;69 508
02/10/2018;162,62;162,62;150,50;154,22;112 405
03/10/2018;151,01;157,48;151,01;155,81;57 794
04/10/2018;155,39;155,39;145,02;150,16;227 031
05/10/2018;150,01;152,00;149,45;149,90;148 267
08/10/2018;150,00;151,00;148,51;150,09;126 937
09/10/2018;150,01;153,49;148,76;150,09;593 175
10/10/2018;149,96;151,41;149,00;150,44;244 345
11/10/2018;148,00;150,36;146,10;149,47;362 322
12/10/2018;147,93;157,76;145,80;155,05;361 624
15/10/2018;152,04;155,79;151,73;153,98;97 725
16/10/2018;153,69;154,00;150,71;152,41;151 424
17/10/2018;152,16;155,22;152,16;153,17;147 832
18/10/2018;155,00;157,00;152,01;157,00;248 945
19/10/2018;156,01;159,21;154,10;157,50;339 858
22/10/2018;158,57;158,57;156,60;157,30;182 259
23/10/2018;157,00;158,82;155,67;156,00;246 945
24/10/2018;156,00;158,99;156,00;157,50;297 814
25/10/2018;157,02;161,12;154,91;161,12;400 771
26/10/2018;159,47;161,69;159,23;161,27;156 269
29/10/2018;161,00;162,04;160,50;161,60;129 138
30/10/2018;161,22;165,28;161,18;163,40;127 333
31/10/2018;163,40;165,88;162,04;163,99;104 593
01/11/2018;163,61;164,99;163,60;164,26;107 169
02/11/2018;164,22;166,21;164,22;164,98;210 208
05/11/2018;164,61;166,00;164,00;165,50;98 327
06/11/2018;167,00;167,00;162,47;164,49;73 946
07/11/2018;167,00;172,90;163,55;169,68;112 762
08/11/2018;164,11;170,02;164,11;166,31;57 563
09/11/2018;164,50;165,05;163,42;164,44;51 597
12/11/2018;164,11;165,71;163,23;163,23;216 980
13/11/2018;165,27;165,27;162,85;163,00;204 877
14/11/2018;163,00;163,73;161,45;163,25;180 722
15/11/2018;163,41;164,76;162,33;163,71;63 454
16/11/2018;164,99;168,20;164,88;167,50;347 173
19/11/2018;163,40;169,20;163,40;168,00;121 927
20/11/2018;168,50;168,50;165,20;166,14;66 756
21/11/2018;165,68;167,78;163,73;167,50;140 820
22/11/2018;167,50;167,50;164,60;165,00;280 067
23/11/2018;165,50;165,50;163,99;163,99;83 582
26/11/2018;163,00;165,87;163,00;165,01;215 128
27/11/2018;168,00;168,00;163,75;164,72;70 609
28/11/2018;163,65;166,36;163,65;165,00;125 380
29/11/2018;164,99;167,69;164,45;164,72;151 062
30/11/2018;165,50;165,59;164,58;165,59;164 737
03/12/2018;168,00;176,14;167,00;172,49;115 459
04/12/2018;169,51;175,50;168,00;174,00;111 127
05/12/2018;174,00;175,00;168,24;168,26;117 883
06/12/2018;168,00;172,86;164,98;170,91;397 258
07/12/2018;169,01;172,44;169,01;169,38;31 467
10/12/2018;169,33;169,80;166,50;167,00;54 970
11/12/2018;167,01;169,64;163,57;164,00;226 928
12/12/2018;165,00;169,00;161,00;161,00;582 803
13/12/2018;164,99;165,46;161,02;162,71;330 329
14/12/2018;162,50;169,58;161,93;167,24;143 488
17/12/2018;162,50;169,58;161,93;167,24;143 488
18/12/2018;169,00;169,00;164,08;168,00;125 367
19/12/2018;164,32;171,88;164,02;167,50;66 281
20/12/2018;167,00;167,05;163,39;165,28;211 465
21/12/2018;167,50;169,88;162,49;163,60;226 334
24/12/2018;163,60;165,90;162,89;163,28;33 698
25/12/2018;163,60;165,90;162,89;163,28;33 698
26/12/2018;163,60;165,90;162,89;163,28;33 698
27/12/2018;169,99;169,99;162,47;166,00;96 383
28/12/2018;163,41;166,07;162,51;165,04;67 566
31/12/2018;164,16;167,27;164,16;165,56;17 138
01/01/2019;164,16;167,27;164,16;165,56;17 138
02/01/2019;164,13;168,00;161,01;163,64;104 224
03/01/2019;166,99;167,00;162,30;164,32;86 222
04/01/2019;167,98;167,98;165,13;167,37;33 820
07/01/2019;169,43;169,43;165,10;165,13;52 275
08/01/2019;167,16;168,03;164,64;167,91;29 822
09/01/2019;166,01;169,28;165,75;168,75;108 072
10/01/2019;169,98;170,61;166,67;169,00;140 836
11/01/2019;170,98;170,98;169,13;170,00;78 182
14/01/2019;170,97;170,97;167,25;168,14;94 727
15/01/2019;166,50;169,22;166,50;168,60;79 478
16/01/2019;168,55;169,96;168,50;168,50;59 551
17/01/2019;168,75;169,00;167,45;168,50;221 910
18/01/2019;169,24;169,55;168,36;169,35;198 924
21/01/2019;168,50;170,88;167,29;168,93;38 236
22/01/2019;170,00;170,00;168,50;169,31;94 843
23/01/2019;169,00;169,75;168,80;168,80;59 171
24/01/2019;168,81;169,30;168,54;168,80;110 053
25/01/2019;169,67;169,90;168,47;169,00;149 418
28/01/2019;168,90;169,90;168,39;168,50;129 610
29/01/2019;168,50;168,56;165,86;165,86;219 822
30/01/2019;161,02;165,29;160,72;162,10;289 958
31/01/2019;162,50;166,51;160,11;164,21;342 081
01/02/2019;164,32;166,35;162,53;163,13;227 864
04/02/2019;162,36;164,13;161,34;161,34;118 095
05/02/2019;161,41;161,70;161,00;161,65;94 740
06/02/2019;161,51;162,99;160,95;162,00;101 370
07/02/2019;160,82;161,33;159,61;160,00;138 931
08/02/2019;156,12;160,75;156,12;158,88;82 051
11/02/2019;158,88;159,61;156,71;156,71;134 067
12/02/2019;160,48;160,48;157,58;158,56;34 996
13/02/2019;159,49;159,49;157,51;158,22;143 671
14/02/2019;155,92;157,31;153,18;153,50;158 679
15/02/2019;154,00;158,23;152,81;153,52;118 967
18/02/2019;155,00;156,85;154,30;156,56;68 495
19/02/2019;159,00;159,00;154,70;155,60;42 811
20/02/2019;155,60;157,77;154,00;157,00;114 403
21/02/2019;157,05;159,25;157,05;159,00;115 885
22/02/2019;159,00;163,55;158,37;162,68;140 373
25/02/2019;158,92;165,08;158,92;164,94;104 187
26/02/2019;162,51;164,31;161,71;163,09;158 478
27/02/2019;166,97;166,97;162,04;163,50;200 453
28/02/2019;163,50;169,97;161,53;161,53;385 831
01/03/2019;163,00;163,00;158,87;160,00;263 509
04/03/2019;158,60;161,03;157,85;160,00;170 382
05/03/2019;159,03;160,78;158,82;159,50;236 779
06/03/2019;159,16;160,06;158,47;158,47;598 152
07/03/2019;165,88;165,88;158,00;159,60;58 257
08/03/2019;159,99;160,55;158,90;159,60;192 598
11/03/2019;160,00;161,24;159,32;159,99;240 395
12/03/2019;159,03;159,94;157,74;158,00;73 526
13/03/2019;157,94;157,94;156,94;157,10;157 933
14/03/2019;157,13;157,35;151,81;152,81;140 517
15/03/2019;154,50;154,50;153,44;153,50;390 078
18/03/2019;154,01;156,19;154,01;156,19;133 348
19/03/2019;148,72;150,00;145,50;146,04;365 379
20/03/2019;150,00;150,00;144,21;144,57;129 793
21/03/2019;150,00;150,00;144,21;144,57;129 793
22/03/2019;150,00;150,00;141,57;141,80;224 344
25/03/2019;142,00;143,73;138,76;139,03;267 098
26/03/2019;145,00;148,47;138,74;139,00;207 123
27/03/2019;141,99;141,99;134,97;135,50;327 641
28/03/2019;136,49;136,49;132,37;134,82;115 574
29/03/2019;135,49;136,39;132,13;132,13;186 003
01/04/2019;132,57;139,59;132,57;138,30;128 719
02/04/2019;136,01;138,95;136,01;137,91;186 072
03/04/2019;139,25;140,78;137,82;140,04;48 222
04/04/2019;139,87;140,25;139,35;139,60;359 982
05/04/2019;141,00;141,60;140,12;140,69;89 989
08/04/2019;140,51;141,97;139,17;139,30;401 982
09/04/2019;140,00;142,58;139,45;141,35;127 659
10/04/2019;143,17;143,17;140,85;141,19;330 116
11/04/2019;140,92;141,13;139,20;139,85;211 894
12/04/2019;140,01;143,64;139,30;142,63;358 332
15/04/2019;139,62;142,24;139,62;140,55;305 699
16/04/2019;140,05;143,78;139,60;143,32;144 178
17/04/2019;144,13;145,82;143,74;145,56;146 478
18/04/2019;145,60;145,60;143,62;145,26;68 310
19/04/2019;145,60;145,60;143,62;144,47;0
22/04/2019;145,60;145,60;143,62;144,47;0
23/04/2019;143,64;146,56;143,64;144,00;86 085
24/04/2019;144,49;144,49;142,47;142,84;116 731
25/04/2019;143,36;143,36;141,09;141,30;106 396
26/04/2019;143,35;143,35;141,54;142,39;24 453
29/04/2019;142,40;142,40;138,16;140,00;343 360
30/04/2019;139,66;140,19;136,90;139,99;362 752
01/05/2019;139,66;140,19;136,90;138,69;0
02/05/2019;138,58;143,59;138,01;141,86;153 859
03/05/2019;142,40;143,20;141,26;141,56;104 605
06/05/2019;142,48;147,50;141,50;146,60;140 720
07/05/2019;145,17;146,99;144,51;146,80;69 711
08/05/2019;145,17;146,99;144,51;146,99;0
09/05/2019;145,02;145,72;143,59;145,69;304 060
10/05/2019;145,02;148,94;145,02;147,10;85 049
13/05/2019;147,76;148,52;146,91;147,67;166 262
14/05/2019;147,74;147,81;146,78;147,47;163 190
15/05/2019;145,05;145,89;143,97;144,85;184 553
16/05/2019;145,03;146,61;144,39;145,00;62 333
17/05/2019;144,97;144,97;141,67;142,66;298 884
20/05/2019;141,24;143,43;141,24;142,33;78 556
21/05/2019;141,04;142,73;141,00;141,85;218 471
22/05/2019;142,00;142,80;140,51;142,26;132 596
23/05/2019;142,90;142,90;141,91;142,50;126 154
24/05/2019;141,01;145,19;141,01;143,05;159 393
27/05/2019;145,99;145,99;140,83;143,63;48 703
28/05/2019;144,01;145,15;141,52;145,00;323 872
29/05/2019;141,52;147,41;141,52;147,01;66 026
30/05/2019;146,00;147,50;145,93;146,08;155 648
31/05/2019;143,02;145,55;142,83;145,25;161 823
03/06/2019;145,55;148,25;144,77;147,32;65 220
04/06/2019;148,78;148,78;143,52;144,57;47 665
05/06/2019;142,00;147,05;142,00;146,03;220 627
06/06/2019;149,48;149,48;146,50;146,74;54 634
07/06/2019;146,99;146,99;145,29;146,20;41 840
10/06/2019;146,99;146,99;145,50;146,42;44 964
11/06/2019;145,08;146,16;144,55;145,08;88 142
12/06/2019;144,94;145,00;143,44;145,00;85 117
13/06/2019;145,30;145,30;143,72;144,08;89 585
14/06/2019;142,82;144,08;142,49;142,61;98 794
17/06/2019;142,82;144,08;142,49;143,00;0
18/06/2019;144,88;147,47;143,29;146,91;137 496
19/06/2019;145,03;148,04;145,00;147,50;32 828
20/06/2019;145,11;148,93;145,11;147,50;33 237
21/06/2019;147,98;148,92;147,63;148,61;227 187
24/06/2019;143,00;143,00;132,59;133,40;754 103
25/06/2019;133,30;134,80;132,73;134,25;220 736
26/06/2019;134,73;138,40;134,73;136,76;182 403
27/06/2019;139,46;142,49;137,77;139,55;210 832
28/06/2019;136,51;142,57;136,51;140,00;183 009
01/07/2019;139,90;141,80;138,20;140,40;164 512
02/07/2019;139,57;140,51;137,56;138,88;108 280
03/07/2019;139,00;141,00;137,73;138,65;88 001
04/07/2019;138,81;141,50;137,17;137,58;94 401
05/07/2019;136,36;136,36;134,18;135,17;172 351
08/07/2019;134,16;139,90;133,58;137,53;197 695
09/07/2019;135,39;137,72;133,83;134,63;127 335
10/07/2019;134,47;138,18;134,00;137,35;112 741
11/07/2019;135,00;141,19;134,30;140,55;281 466
12/07/2019;135,00;142,00;134,41;139,74;246 385
15/07/2019;134,23;140,26;134,23;138,50;45 586
16/07/2019;134,43;140,02;134,43;139,29;226 502
17/07/2019;134,36;139,37;134,36;137,76;40 314
18/07/2019;138,82;139,90;137,12;139,08;54 078
19/07/2019;140,00;141,05;138,54;140,48;201 962
22/07/2019;136,00;139,40;134,36;136,10;133 570
23/07/2019;135,68;138,16;134,71;135,40;132 754
24/07/2019;136,25;138,73;135,00;135,36;223 275
25/07/2019;135,00;135,38;132,48;133,72;321 947
26/07/2019;130,00;132,64;127,00;131,39;208 634
29/07/2019;130,01;130,48;128,41;129,93;104 577
30/07/2019;133,49;133,49;120,03;128,50;150 907
31/07/2019;126,50;129,60;124,45;128,00;279 819
01/08/2019;127,68;127,68;124,34;125,41;277 839
02/08/2019;124,29;124,40;122,43;123,51;99 132
05/08/2019;123,04;123,04;120,00;122,10;736 318
06/08/2019;121,54;124,99;121,54;123,95;151 160
07/08/2019;122,40;124,20;121,59;122,02;256 756
08/08/2019;122,64;124,76;122,09;122,57;60 931
09/08/2019;122,64;124,76;122,09;122,42;0
12/08/2019;121,05;124,99;121,05;121,63;46 163
13/08/2019;121,65;121,84;119,86;120,36;385 307
14/08/2019;119,53;120,42;119,50;120,00;199 223
15/08/2019;119,80;121,29;119,67;121,17;105 711
16/08/2019;118,00;120,71;118,00;120,23;162 853
19/08/2019;120,73;120,73;118,11;118,83;149 175
20/08/2019;118,64;119,01;118,04;119,00;49 857
21/08/2019;118,60;120,18;118,55;119,30;115 233
22/08/2019;119,30;120,12;118,73;119,38;123 154
23/08/2019;120,45;120,05;118,74;118,89;164 955
26/08/2019;120,00;122,57;117,29;122,48;118 617
27/08/2019;121,82;122,86;121,10;121,34;220 030
28/08/2019;121,69;124,30;120,27;124,28;436 280
29/08/2019;122,82;126,27;122,00;125,06;112 088
30/08/2019;125,40;130,58;123,60;129,00;149 247
02/09/2019;128,31;129,38;126,27;127,03;88 926
03/09/2019;130,98;130,98;126,49;126,49;43 440
04/09/2019;122,88;128,91;121,02;128,89;53 926
05/09/2019;130,00;131,00;127,51;130,42;121 455
06/09/2019;121,01;132,75;127,01;131,39;360 181
09/09/2019;130,75;133,28;128,82;132,35;88 697
10/09/2019;132,49;133,49;129,42;133,01;109 920
11/09/2019;135,00;133,53;130,07;131,00;130 672
12/09/2019;134,00;133,65;130,94;132,99;129 464
13/09/2019;135,00;134,70;132,64;134,68;144 887
16/09/2019;133,50;136,55;132,48;135,79;129 715
17/09/2019;128,51;134,89;128,51;134,16;140 962
18/09/2019;132,00;136,57;129,01;132,00;105 994
19/09/2019;133,40;133,62;131,32;131,99;132 568
20/09/2019;131,33;131,62;128,01;128,40;820 535
23/09/2019;131,65;131,64;128,01;129,09;53 583